player_name,position,team,age,prior_apy,fa_type
Deshaun Watson,QB,CLE,32,46000000,VOID
Matt Stafford,QB,LAR,39,40000000,VOID
Baker Mayfield,QB,TB,32,33300000,VOID
George Pickens,WR,DAL,26,27300000,UFA
Aidan Hutchinson,EDGE,DET,27,24500000,UFA
Sam Darnold,QB,SEA,30,33500000,UFA
Geno Smith,QB,LV,37,31000000,UFA
Trey Hendrickson,EDGE,CIN,32,21000000,UFA
Maxx Crosby,EDGE,LV,29,35000000,VOID
CeeDee Lamb,WR,DAL,28,34000000,VOID
Isaiah Thomas,QB,PHI,25,1010000.0,UFA
Drake Rogers,QB,BUF,40,1327000.0,VOID
Jordan Jones,QB,KC,26,7684000.0,RFA
Tylan Martinez,QB,JAX,25,8749000.0,UFA
Marquis Smith,QB,DAL,33,3785000.0,UFA
Tylan Green,QB,GB,27,8943000.0,UFA
Drake Robinson,QB,CAR,25,10697000.0,UFA
Jamel Roberts,QB,MIN,38,9118000.0,UFA
Devontae Young,QB,GB,31,1015000.0,UFA
Ronald Adams,QB,SF,33,10202000.0,VOID
Brennan Carter,QB,DET,34,1108000.0,UFA
Marcus Bailey,QB,CAR,34,2427000.0,UFA
Ronald Rogers,QB,TB,26,26754000.0,UFA
Stetson Howard,QB,CAR,25,17522000.0,UFA
Tylan Cooper,QB,SF,33,16494000.0,UFA
Caleb Johnson,QB,TB,35,1149000.0,VOID
Tyler Lewis,QB,LV,28,18048000.0,UFA
Ronald Davis,QB,DET,38,3429000.0,UFA
Brandon Roberts,QB,LAR,37,44080000.0,UFA
Maxx Walker,QB,DEN,26,1174000.0,UFA
Marquis Williams,QB,WAS,29,1625000.0,RFA
Jordan Stewart,QB,NYG,34,39588000.0,UFA
Brennan Cook,QB,BUF,38,33068000.0,UFA
Kayvon Brooks,QB,PHI,36,3378000.0,VOID
Easton Mitchell,QB,BUF,30,1008000.0,UFA
Chris Martinez,RB,NE,31,1001000.0,VOID
Mike Stewart,RB,CIN,27,3726000.0,ERFA
Quinton Cook,RB,NYJ,24,4031000.0,UFA
Brock Hill,RB,TEN,23,1013000.0,UFA
Kelce Turner,RB,TEN,26,1005000.0,UFA
Elijah Diaz,RB,LAC,29,8130000.0,UFA
Jalen Lewis,RB,NYG,24,4966000.0,UFA
Antoine Green,RB,CHI,26,2588000.0,UFA
Caleb Wood,RB,JAX,30,2827000.0,UFA
Easton Walker,RB,HOU,25,7844000.0,UFA
Marquis Harris,RB,WAS,27,5770000.0,UFA
Kyler Turner,RB,LAC,25,5012000.0,UFA
Dre Brooks,RB,NO,27,1004000.0,UFA
Stetson Harris,RB,NE,25,2264000.0,UFA
Garrett Williams,RB,TEN,32,1428000.0,UFA
Jaxson Martinez,RB,NYJ,25,2225000.0,UFA
Easton Adams,RB,CHI,28,2107000.0,UFA
Trey Cox,RB,DET,24,13716000.0,RFA
Khristian Evans,RB,DEN,31,8065000.0,UFA
Jaxson Baker,RB,DEN,30,2900000.0,VOID
Hunter Robinson,RB,DAL,28,13449000.0,UFA
Quinton Johnson,RB,LAC,25,1256000.0,UFA
Khristian Hall,RB,LAC,30,1804000.0,VOID
Caleb Evans,RB,PIT,30,1019000.0,UFA
Brennan Johnson,RB,SF,24,3653000.0,UFA
Mike White,RB,DEN,29,3803000.0,UFA
Tyler Hall,RB,TEN,23,9737000.0,RFA
Damon Wright,RB,BAL,23,2486000.0,UFA
Devon Phillips,RB,MIN,31,12924000.0,UFA
Damon Howard,RB,LAR,29,2490000.0,UFA
Brennan Young,RB,LAC,30,10042000.0,UFA
Dre Anderson,RB,PIT,23,1651000.0,UFA
Jaxson Young,RB,SEA,23,1092000.0,UFA
Justin Wood,RB,DEN,32,4444000.0,VOID
Brandon Evans,RB,JAX,23,1683000.0,UFA
Jaxson Walker,RB,DET,28,13755000.0,UFA
Jordan Harris,RB,NO,27,1006000.0,UFA
Elijah Sanders,RB,TB,29,5212000.0,UFA
Antoine Cook,RB,LV,30,12438000.0,VOID
Marquis Robinson,RB,CHI,26,1201000.0,UFA
Anthony Wright,RB,DAL,28,8716000.0,UFA
Travis Mitchell,RB,DEN,30,10927000.0,UFA
Isaiah Davis,RB,LAR,22,7355000.0,UFA
Devon Wright,RB,ATL,32,1006000.0,UFA
Brock Walker,RB,CAR,26,9106000.0,UFA
Jordan Wright,RB,DAL,22,2673000.0,UFA
Justin Jackson,RB,LAC,22,1055000.0,UFA
Easton Green,RB,IND,26,1979000.0,UFA
Kyler Baker,RB,ATL,26,1000000.0,RFA
Brennan Sanders,RB,HOU,30,2199000.0,UFA
Cam Bailey,RB,SEA,32,2370000.0,UFA
Khalil Edwards,RB,MIA,25,13284000.0,UFA
Easton Anderson,RB,PHI,27,13261000.0,UFA
Aiden Jones,RB,LAC,28,1039000.0,ERFA
Maxx Edwards,RB,LV,31,1139000.0,UFA
Kelce White,RB,DET,26,1980000.0,UFA
Isaiah Young,RB,BAL,26,1099000.0,UFA
Elijah Campbell,RB,CHI,29,1219000.0,UFA
Demarco Edwards,RB,ARI,23,1184000.0,ERFA
Khalil Rogers,RB,BAL,28,1000000.0,UFA
Marquis Davis,WR,DEN,32,19784000.0,UFA
Brock Campbell,WR,MIN,33,26703000.0,VOID
Garrett Murphy,WR,DEN,22,15581000.0,UFA
Brennan Bell,WR,SEA,33,9665000.0,UFA
Antoine Richardson,WR,ATL,32,5831000.0,UFA
Kayvon Howard,WR,JAX,23,1000000.0,UFA
Maxx Phillips,WR,BUF,32,1000000.0,UFA
Demarco Parker,WR,LAC,22,3203000.0,ERFA
Brennan Stewart,WR,CHI,32,4455000.0,UFA
Stetson King,WR,CAR,26,1262000.0,UFA
Marquis Diaz,WR,TB,29,16783000.0,ERFA
Kayvon Scott,WR,BAL,31,7243000.0,UFA
Brock Thomas,WR,NE,26,7854000.0,UFA
Garrett Morris,WR,DAL,22,3620000.0,UFA
Kayvon Robinson,WR,IND,32,3747000.0,UFA
Rashad Evans,WR,TB,29,12562000.0,UFA
Damarion Harris,WR,MIA,23,22869000.0,RFA
Kelce Jones,WR,SF,26,2293000.0,UFA
Quinton Jones,WR,CHI,24,11639000.0,UFA
Drake Anderson,WR,LAR,23,9756000.0,UFA
Ronald Mitchell,WR,ATL,24,1000000.0,UFA
Dre Mitchell,WR,MIA,33,1051000.0,UFA
Isaiah Martinez,WR,NE,22,1737000.0,UFA
Khalil Martinez,WR,HOU,33,1000000.0,UFA
Travis Hill,WR,CAR,28,2328000.0,UFA
Devon Hill,WR,SEA,26,17310000.0,UFA
Tyler Bailey,WR,LV,32,22819000.0,UFA
Kyler Roberts,WR,MIN,25,12854000.0,UFA
Tre Johnson,WR,PHI,30,4968000.0,UFA
Tyler Cox,WR,PIT,29,6696000.0,UFA
Rashad Parker,WR,BUF,30,1037000.0,UFA
Elijah Scott,WR,MIA,26,11259000.0,UFA
Hunter Young,WR,MIA,29,5158000.0,UFA
Chris Murphy,WR,DET,23,1177000.0,UFA
Ronald Sanders,WR,JAX,29,20705000.0,UFA
Dre Roberts,WR,DAL,30,1138000.0,VOID
Trey Hall,WR,KC,27,1355000.0,UFA
Jalen Diaz,WR,PIT,28,2605000.0,UFA
Maxx Wright,WR,NE,22,3903000.0,UFA
Kayvon Edwards,WR,IND,23,1414000.0,UFA
Khalil Murphy,WR,SF,28,24219000.0,UFA
Jalen Anderson,WR,BAL,28,10004000.0,UFA
Stetson Rogers,WR,WAS,22,1006000.0,UFA
Antoine Evans,WR,SF,25,13348000.0,UFA
Mike Collins,WR,CIN,33,9663000.0,UFA
Kelce Davis,WR,BAL,22,13307000.0,UFA
Marcus Murphy,WR,MIA,24,7046000.0,UFA
Tre Howard,WR,CLE,23,1006000.0,UFA
Khristian Harris,WR,NYJ,26,1224000.0,UFA
Aiden Stewart,WR,MIA,29,1452000.0,UFA
Demarco Turner,WR,KC,30,1308000.0,UFA
Hunter Green,WR,BUF,22,1142000.0,UFA
Hunter Carter,WR,CHI,26,1238000.0,UFA
Drake Walker,WR,WAS,22,9460000.0,UFA
Drake Cooper,WR,PHI,25,1000000.0,UFA
Brennan Jones,WR,IND,29,25481000.0,UFA
Damon Walker,WR,TB,25,1385000.0,UFA
Cam Cook,WR,WAS,31,1127000.0,UFA
Jordan Bailey,WR,BUF,31,1058000.0,UFA
Jordan Brown,WR,BUF,24,2363000.0,UFA
Isaiah Cox,WR,CLE,23,22522000.0,UFA
Anthony Murphy,WR,TB,22,1648000.0,UFA
Drake Adams,WR,SF,24,1022000.0,ERFA
Trey Baker,WR,PIT,23,5250000.0,UFA
Maxx Baker,WR,MIA,28,1011000.0,UFA
Damon Hill,WR,SF,25,1728000.0,UFA
Stetson Johnson,WR,PIT,25,14856000.0,UFA
Marcus Campbell,WR,BAL,29,1004000.0,UFA
Travis Harris,WR,CAR,31,1848000.0,UFA
Garrett Smith,WR,LAC,33,10296000.0,UFA
Kyler Green,WR,ARI,33,12015000.0,UFA
Easton Jones,WR,ATL,25,1021000.0,UFA
Kelce Wood,WR,NYJ,26,21216000.0,UFA
Brandon Parker,WR,GB,22,14357000.0,UFA
Mike Reed,WR,KC,27,17740000.0,UFA
Brock Davis,WR,HOU,28,11887000.0,UFA
Devon Murphy,WR,BAL,29,5046000.0,UFA
Tre Robinson,WR,CAR,26,6988000.0,UFA
Jordan Parker,WR,SF,24,1259000.0,UFA
Garrett Cooper,WR,KC,33,4727000.0,UFA
Rashad Scott,WR,LAR,31,1398000.0,UFA
Dre Young,WR,GB,25,1264000.0,UFA
Isaiah Jones,WR,PHI,26,27353000.0,UFA
Marquis Murphy,WR,CIN,32,3312000.0,VOID
Aiden Turner,WR,JAX,29,21275000.0,RFA
Rashad Walker,WR,CLE,22,1132000.0,UFA
Brennan White,WR,SF,31,1362000.0,UFA
Aiden Robinson,WR,NO,25,1001000.0,UFA
Marcus Lewis,WR,LAC,22,6249000.0,UFA
Quinton Williams,WR,MIN,28,8797000.0,UFA
Devontae Jones,WR,IND,22,13973000.0,UFA
Devon Carter,WR,CIN,28,8284000.0,UFA
Jamel Davis,WR,DET,28,9444000.0,UFA
Rashad Bailey,WR,MIA,28,24160000.0,UFA
Tylan Baker,WR,PIT,28,1000000.0,UFA
Drake Murphy,WR,HOU,28,10778000.0,UFA
Aiden Roberts,WR,DET,28,1026000.0,ERFA
Tylan Hill,WR,TB,24,1039000.0,RFA
Mike Murphy,WR,PHI,23,5541000.0,UFA
Brennan Jackson,WR,DEN,27,1477000.0,UFA
Devon Robinson,WR,NYJ,29,11918000.0,UFA
Damon Green,WR,DAL,22,25944000.0,UFA
Tyler Reed,WR,NYJ,23,20563000.0,UFA
Chris Bell,WR,JAX,31,2491000.0,UFA
Stetson White,WR,IND,22,2436000.0,UFA
Justin Thomas,WR,KC,33,15066000.0,UFA
Damarion Richardson,WR,BAL,32,16349000.0,VOID
Brock Evans,WR,MIA,32,2683000.0,UFA
Tre Campbell,TE,NYG,29,2781000.0,UFA
Aiden Cook,TE,WAS,29,1156000.0,UFA
Stetson Mitchell,TE,CIN,23,1022000.0,UFA
Trey Brooks,TE,SF,30,2857000.0,VOID
Isaiah Wood,TE,CHI,22,7429000.0,UFA
Hunter Watson,TE,DAL,22,10767000.0,UFA
Justin Harris,TE,DAL,29,1298000.0,UFA
Chris Cooper,TE,JAX,23,9918000.0,UFA
Travis Jackson,TE,MIN,31,1257000.0,UFA
Mike King,TE,TEN,25,3987000.0,UFA
Demarco Hall,TE,NYG,22,1091000.0,UFA
Easton Wright,TE,MIN,28,1054000.0,UFA
Antoine Brown,TE,NYG,29,3434000.0,UFA
Cam King,TE,PHI,33,8762000.0,UFA
Drake Morris,TE,DEN,27,1464000.0,ERFA
Marquis White,TE,BUF,26,9473000.0,UFA
Easton Rogers,TE,MIN,33,1000000.0,VOID
Mike Scott,TE,SEA,28,2886000.0,UFA
Marquis Cook,TE,BAL,22,1001000.0,UFA
Devontae Robinson,TE,NO,30,1134000.0,UFA
Khristian Anderson,TE,IND,27,4536000.0,UFA
Brandon Williams,TE,KC,33,1036000.0,VOID
Easton Thomas,TE,LAR,28,9203000.0,UFA
Tyler Murphy,TE,NO,31,4945000.0,UFA
Antoine Cox,TE,WAS,25,1050000.0,RFA
Tyler Stewart,TE,ATL,28,1073000.0,UFA
Cam Williams,TE,HOU,24,1946000.0,UFA
Hunter Edwards,TE,PIT,31,1060000.0,UFA
Devontae Bell,TE,BUF,33,8313000.0,UFA
Aiden Campbell,TE,SEA,33,12926000.0,VOID
Hunter Phillips,TE,GB,25,16827000.0,UFA
Hunter Smith,TE,CLE,27,12070000.0,UFA
Travis Ward,TE,BUF,26,4757000.0,UFA
Kayvon Watson,TE,LAC,26,4875000.0,UFA
Quinton Davis,TE,ARI,24,1216000.0,UFA
Damon Jackson,TE,MIN,25,11635000.0,UFA
Demarco Campbell,TE,TEN,29,10148000.0,UFA
Jalen Roberts,TE,JAX,31,11813000.0,UFA
Khalil Cook,TE,CAR,31,12865000.0,VOID
Jalen Martinez,TE,CIN,31,13638000.0,UFA
Mike Howard,TE,ATL,22,1001000.0,UFA
Easton Smith,TE,CAR,33,1001000.0,UFA
Drake Harris,TE,CAR,34,13016000.0,UFA
Cam Young,TE,IND,25,1014000.0,RFA
Easton Davis,TE,LV,29,1010000.0,ERFA
Hunter Lewis,TE,LV,27,1490000.0,UFA
Caleb King,TE,LV,22,6488000.0,UFA
Brock Edwards,TE,TEN,26,4435000.0,RFA
Jordan Johnson,TE,SEA,30,8020000.0,UFA
Tylan Lewis,TE,CHI,31,9472000.0,UFA
Aiden Collins,TE,HOU,26,7710000.0,UFA
Aiden Baker,TE,WAS,23,2648000.0,UFA
Anthony Parker,TE,NO,30,1216000.0,UFA
Rashad Lewis,TE,JAX,29,1051000.0,UFA
Trey Parker,TE,CIN,32,1446000.0,VOID
Khalil Diaz,OT,CHI,29,16753000.0,RFA
Quinton Green,OT,LAC,29,17488000.0,UFA
Maxx Bell,OT,JAX,30,1031000.0,UFA
Brock Murphy,OT,BAL,28,5060000.0,UFA
Dre Bailey,OT,MIN,25,2959000.0,UFA
Travis Rogers,OT,JAX,25,1689000.0,UFA
Devontae Richardson,OT,DEN,34,1060000.0,UFA
Isaiah Reed,OT,NO,25,1227000.0,UFA
Travis Cox,OT,CIN,25,21344000.0,UFA
Maxx Thomas,OT,DEN,27,9523000.0,UFA
Damon Robinson,OT,CIN,27,1148000.0,UFA
Marcus Williams,OT,PHI,29,8128000.0,UFA
Easton Scott,OT,TB,23,1044000.0,UFA
Khalil Williams,OT,KC,29,8385000.0,UFA
Marquis Bailey,OT,JAX,33,1098000.0,VOID
Tre Hall,OT,LAC,33,8368000.0,UFA
Demarco Watson,OT,PHI,34,8779000.0,UFA
Tre Turner,OT,TB,23,6022000.0,UFA
Kayvon Bailey,OT,GB,33,1650000.0,VOID
Ronald Robinson,OT,BAL,27,4266000.0,UFA
Damon Collins,OT,NO,24,14527000.0,UFA
Quinton Ward,OT,TEN,31,1000000.0,UFA
Drake Collins,OT,NE,29,9856000.0,UFA
Kayvon White,OT,PHI,31,10666000.0,VOID
Garrett Baker,OT,BUF,27,1367000.0,UFA
Jordan Carter,OT,NO,32,1329000.0,UFA
Khalil Collins,OT,JAX,29,2945000.0,UFA
Devon Brooks,OT,HOU,30,6575000.0,UFA
Mike Baker,OT,PIT,30,23717000.0,UFA
Hunter Anderson,OT,TEN,28,11539000.0,UFA
Maxx Cooper,OT,LAC,29,7658000.0,UFA
Demarco Murphy,OT,MIA,28,3190000.0,UFA
Jaxson Hill,OT,DEN,27,14903000.0,RFA
Tylan Hall,OT,DAL,31,13735000.0,UFA
Aiden Bailey,OT,ARI,26,20635000.0,UFA
Travis Reed,OT,CIN,32,1045000.0,UFA
Dre Baker,OT,DEN,26,17657000.0,UFA
Chris Cook,OT,CHI,33,17513000.0,UFA
Damon Parker,OT,IND,31,1007000.0,UFA
Damarion Martinez,OT,LAC,29,1221000.0,UFA
Tyler Turner,OT,TB,25,8360000.0,UFA
Chris Stewart,OT,ARI,25,14204000.0,UFA
Tylan Parker,OT,LV,30,1996000.0,UFA
Kayvon Jones,OT,GB,33,1878000.0,UFA
Jalen Cook,OT,BAL,33,9645000.0,UFA
Cam Edwards,OT,TEN,30,10444000.0,VOID
Jordan Bell,OT,DAL,28,1012000.0,UFA
Elijah Turner,OT,IND,27,2605000.0,UFA
Damarion Brown,OT,LV,27,1838000.0,UFA
Elijah Edwards,OT,LAR,31,1762000.0,UFA
Ronald Watson,OT,CLE,28,1118000.0,UFA
Brandon Rogers,OT,CHI,23,2215000.0,UFA
Khalil Stewart,OT,BUF,29,1490000.0,RFA
Damon Turner,OT,BUF,31,17998000.0,UFA
Garrett Thomas,OT,CHI,26,1001000.0,UFA
Easton Richardson,OT,GB,24,7193000.0,UFA
Jordan Wood,OT,CIN,33,1000000.0,UFA
Brandon Watson,OT,MIA,31,8692000.0,UFA
Anthony Carter,OT,BAL,28,1000000.0,UFA
Khristian Brown,OT,WAS,32,3875000.0,UFA
Jordan Morris,OT,PHI,30,1004000.0,UFA
Brock Rogers,OT,DEN,30,10961000.0,UFA
Trey Murphy,OT,TEN,26,17172000.0,UFA
Tre Williams,OT,ARI,33,7366000.0,UFA
Trey Lewis,OT,CLE,25,3086000.0,UFA
Tylan Young,OT,SF,34,9936000.0,UFA
Drake Wood,OT,DEN,34,10531000.0,UFA
Damarion Ward,OT,WAS,30,7371000.0,UFA
Tyler Ward,OT,BAL,23,1003000.0,UFA
Kayvon Cook,OT,CHI,29,1548000.0,UFA
Chris Parker,IOL,BUF,28,1813000.0,UFA
Dre Turner,IOL,DET,25,18925000.0,UFA
Hunter Jackson,IOL,PIT,30,1949000.0,UFA
Kyler Watson,IOL,NE,27,1340000.0,UFA
Hunter Ward,IOL,NE,32,8169000.0,VOID
Devontae Rogers,IOL,SEA,26,1879000.0,UFA
Brock Wood,IOL,JAX,30,1353000.0,VOID
Travis Wright,IOL,SEA,25,4629000.0,UFA
Marcus Scott,IOL,DEN,32,1043000.0,UFA
Damarion Cooper,IOL,WAS,28,3695000.0,UFA
Ronald Brooks,IOL,NYJ,26,10319000.0,UFA
Marquis Green,IOL,BUF,33,2028000.0,UFA
Aiden Watson,IOL,NYJ,30,3793000.0,UFA
Devon Walker,IOL,PHI,32,3483000.0,UFA
Antoine Hall,IOL,TEN,31,4683000.0,UFA
Damon Davis,IOL,GB,34,1380000.0,UFA
Caleb Mitchell,IOL,DEN,26,1001000.0,UFA
Drake Bell,IOL,TB,24,1053000.0,UFA
Caleb Wright,IOL,ATL,24,1000000.0,UFA
Khristian Morris,IOL,IND,27,16611000.0,UFA
Cam Phillips,IOL,DAL,27,12612000.0,UFA
Anthony Campbell,IOL,CHI,23,1001000.0,UFA
Kelce Parker,IOL,CAR,32,5791000.0,UFA
Trey King,IOL,MIN,32,1190000.0,VOID
Jaxson Edwards,IOL,PHI,25,2535000.0,UFA
Demarco Cox,IOL,JAX,25,1001000.0,UFA
Caleb Brown,IOL,ATL,23,1262000.0,UFA
Hunter Richardson,IOL,TEN,23,1013000.0,UFA
Aiden Harris,IOL,MIA,32,4726000.0,UFA
Cam Turner,IOL,MIN,28,1259000.0,UFA
Stetson Campbell,IOL,DET,30,1204000.0,VOID
Kayvon Williams,IOL,TB,34,15925000.0,UFA
Chris Walker,IOL,CAR,32,13656000.0,UFA
Brandon Wood,IOL,SF,24,16635000.0,UFA
Jalen Bell,IOL,CAR,30,19281000.0,UFA
Marquis Turner,IOL,CLE,33,1802000.0,UFA
Tyler White,IOL,SF,31,14741000.0,UFA
Mike Wright,IOL,PIT,29,1227000.0,RFA
Tylan Scott,IOL,NE,25,1271000.0,UFA
Brennan Brown,IOL,IND,31,2878000.0,UFA
Travis Richardson,IOL,HOU,28,2364000.0,UFA
Demarco Young,IOL,CIN,29,1378000.0,UFA
Rashad Thomas,IOL,ATL,30,11071000.0,UFA
Brandon Phillips,IOL,ARI,31,1366000.0,UFA
Marcus Carter,IOL,IND,27,4335000.0,UFA
Anthony Collins,IOL,JAX,34,1077000.0,UFA
Trey Reed,IOL,WAS,27,1076000.0,UFA
Jaxson Ward,IOL,HOU,32,1462000.0,VOID
Antoine Carter,IOL,BUF,31,11216000.0,UFA
Easton Parker,IOL,CHI,23,2149000.0,UFA
Brandon Bailey,IOL,LAR,26,1092000.0,UFA
Drake Smith,IOL,DET,34,1839000.0,UFA
Antoine Phillips,IOL,CAR,24,1739000.0,UFA
Maxx Morris,IOL,BUF,27,13941000.0,UFA
Ronald Phillips,IOL,ATL,31,10971000.0,VOID
Demarco Davis,IOL,JAX,32,1086000.0,VOID
Travis Sanders,IOL,ATL,23,1011000.0,UFA
Damon King,IOL,ATL,32,5720000.0,UFA
Demarco Howard,IOL,SF,24,1700000.0,ERFA
Anthony Smith,IOL,LAR,24,2724000.0,UFA
Kyler Martinez,IOL,CLE,24,2115000.0,UFA
Khristian Walker,IOL,JAX,25,6520000.0,UFA
Khalil Jackson,IOL,ATL,33,1973000.0,UFA
Brock Collins,IOL,BAL,29,19172000.0,RFA
Khalil Young,IOL,NE,34,2400000.0,UFA
Isaiah Mitchell,IOL,BUF,28,3428000.0,UFA
Caleb Young,IOL,SEA,33,5622000.0,UFA
Antoine White,IOL,CAR,28,2374000.0,UFA
Jalen Walker,IOL,DAL,29,19124000.0,UFA
Kelce Bell,IOL,BAL,23,1000000.0,UFA
Kyler Cooper,IOL,LAR,33,3821000.0,UFA
Garrett Robinson,IOL,LAC,24,3472000.0,UFA
Justin Green,IOL,NO,33,1065000.0,VOID
Brennan Wright,IOL,CHI,30,4701000.0,UFA
Dre Martinez,IOL,DAL,27,16082000.0,UFA
Kyler Young,IOL,CHI,34,3890000.0,UFA
Garrett Howard,IOL,JAX,33,1956000.0,UFA
Drake Evans,IOL,MIA,32,2883000.0,UFA
Jalen Young,IOL,NE,26,1096000.0,UFA
Khristian Mitchell,IOL,ARI,28,1059000.0,UFA
Isaiah Sanders,IOL,MIN,30,1303000.0,UFA
Quinton Scott,IOL,BUF,23,1055000.0,RFA
Caleb Phillips,IOL,BUF,31,1966000.0,UFA
Cam Collins,IOL,JAX,33,8586000.0,UFA
Elijah Bailey,IOL,NO,25,6695000.0,UFA
Kyler Collins,IOL,CIN,34,13172000.0,UFA
Stetson Wright,IOL,DAL,29,13847000.0,RFA
Damarion Rogers,IOL,CLE,30,2044000.0,UFA
Mike Carter,IOL,LAR,32,5055000.0,UFA
Dre Howard,IOL,TB,27,8086000.0,UFA
Damarion Reed,EDGE,NYJ,32,1905000.0,UFA
Ronald Campbell,EDGE,SF,26,1152000.0,UFA
Mike Roberts,EDGE,NYJ,31,1317000.0,UFA
Elijah Hall,EDGE,KC,27,1211000.0,UFA
Aiden Johnson,EDGE,BUF,26,6469000.0,UFA
Jamel Wood,EDGE,MIA,30,8364000.0,UFA
Kayvon Roberts,EDGE,NYJ,29,2267000.0,UFA
Aiden Cooper,EDGE,CAR,30,1305000.0,UFA
Brennan Mitchell,EDGE,DEN,25,31283000.0,UFA
Dre Wood,EDGE,NE,33,5462000.0,UFA
Chris Hill,EDGE,MIN,27,32708000.0,UFA
Justin Murphy,EDGE,LV,33,2111000.0,UFA
Easton Jackson,EDGE,LV,30,1223000.0,UFA
Jordan White,EDGE,BUF,32,6469000.0,VOID
Tylan Bell,EDGE,BAL,33,2982000.0,UFA
Devontae Ward,EDGE,ARI,26,2777000.0,ERFA
Jalen Harris,EDGE,GB,29,15668000.0,UFA
Hunter Stewart,EDGE,DEN,31,1193000.0,UFA
Mike Jackson,EDGE,CIN,22,1022000.0,UFA
Antoine Parker,EDGE,TB,31,3294000.0,UFA
Hunter Williams,EDGE,MIN,24,12645000.0,UFA
Chris Smith,EDGE,LAR,32,1021000.0,UFA
Khristian Jones,EDGE,NO,25,3638000.0,UFA
Tyler Walker,EDGE,PHI,31,15371000.0,VOID
Tyler Cook,EDGE,KC,25,1279000.0,UFA
Khristian White,EDGE,MIN,22,25172000.0,UFA
Devontae Carter,EDGE,LAC,29,32824000.0,RFA
Kayvon Campbell,EDGE,JAX,28,1794000.0,UFA
Ronald Johnson,EDGE,KC,23,1125000.0,UFA
Anthony Williams,EDGE,LV,28,6364000.0,UFA
Jamel Campbell,EDGE,NE,28,9621000.0,UFA
Tre Baker,EDGE,KC,28,1171000.0,UFA
Demarco Roberts,EDGE,BAL,26,10183000.0,UFA
Mike Young,EDGE,DAL,23,1186000.0,UFA
Brandon Sanders,EDGE,SF,29,20189000.0,UFA
Caleb Lewis,EDGE,PHI,28,8725000.0,UFA
Devontae Turner,EDGE,IND,25,21858000.0,UFA
Dre Rogers,EDGE,NYG,30,1384000.0,UFA
Quinton Anderson,EDGE,CLE,32,5017000.0,UFA
Kyler Diaz,EDGE,NYJ,22,9888000.0,UFA
Devontae Williams,EDGE,NYJ,33,1013000.0,UFA
Marquis Hall,EDGE,HOU,32,24528000.0,VOID
Drake Brooks,EDGE,MIA,25,1006000.0,UFA
Marquis Scott,EDGE,DAL,33,2797000.0,UFA
Easton Bell,EDGE,DAL,26,1132000.0,UFA
Jaxson Howard,EDGE,NO,28,1000000.0,UFA
Kelce Young,EDGE,PHI,27,25795000.0,ERFA
Rashad Martinez,EDGE,LAR,31,13642000.0,UFA
Marcus Mitchell,EDGE,BAL,31,1100000.0,UFA
Devontae Thomas,EDGE,NYJ,33,1001000.0,UFA
Easton White,EDGE,JAX,31,4650000.0,UFA
Tre Bailey,EDGE,NO,22,1031000.0,UFA
Hunter Scott,EDGE,BAL,31,7896000.0,VOID
Demarco Cooper,EDGE,CLE,22,17085000.0,UFA
Caleb Diaz,EDGE,CHI,28,11597000.0,UFA
Garrett Walker,EDGE,LAR,30,1015000.0,UFA
Tre Phillips,EDGE,NE,33,4773000.0,UFA
Dre Edwards,EDGE,BUF,32,11773000.0,UFA
Brennan Wood,EDGE,DAL,29,15243000.0,RFA
Damarion King,EDGE,GB,30,1104000.0,UFA
Demarco Stewart,EDGE,LAC,25,31197000.0,UFA
Caleb Carter,EDGE,CHI,25,9010000.0,UFA
Kayvon Ward,EDGE,WAS,32,4307000.0,UFA
Aiden Edwards,EDGE,SF,24,28500000.0,UFA
Devontae Anderson,EDGE,DEN,31,6417000.0,UFA
Justin Sanders,EDGE,SEA,24,10759000.0,UFA
Khalil Lewis,EDGE,CLE,33,1643000.0,UFA
Quinton Smith,EDGE,BUF,26,1752000.0,UFA
Devontae Phillips,EDGE,CLE,24,1927000.0,UFA
Drake Scott,EDGE,DET,30,1007000.0,VOID
Tylan King,EDGE,CIN,32,4443000.0,UFA
Damon Watson,EDGE,MIN,22,2285000.0,ERFA
Rashad Bell,EDGE,LAC,32,1382000.0,VOID
Jalen Johnson,EDGE,PHI,24,1694000.0,UFA
Easton Collins,EDGE,DET,23,16645000.0,UFA
Garrett Hall,EDGE,NYJ,24,9453000.0,UFA
Marquis Hill,EDGE,DAL,30,27012000.0,UFA
Travis Young,IDL,BUF,23,1020000.0,UFA
Khalil Brown,IDL,IND,30,2593000.0,UFA
Devontae Reed,IDL,CHI,25,8554000.0,UFA
Dre Bell,IDL,PHI,24,24361000.0,UFA
Quinton Cox,IDL,NYG,23,1000000.0,UFA
Brennan Roberts,IDL,DEN,27,1006000.0,RFA
Jordan Adams,IDL,CAR,30,1000000.0,UFA
Anthony Cox,IDL,DET,29,1507000.0,UFA
Caleb Morris,IDL,HOU,30,1009000.0,UFA
Kelce Roberts,IDL,DEN,29,23072000.0,UFA
Kayvon Adams,IDL,MIA,32,5164000.0,UFA
Stetson Bailey,IDL,DAL,27,16733000.0,UFA
Easton Johnson,IDL,HOU,26,8232000.0,UFA
Trey Thomas,IDL,NYG,31,5393000.0,UFA
Antoine Young,IDL,SF,29,1340000.0,UFA
Damon Sanders,IDL,CLE,26,16554000.0,UFA
Cam Harris,IDL,LAC,30,1217000.0,UFA
Jamel Morris,IDL,CLE,31,19439000.0,UFA
Jordan Cooper,IDL,CAR,30,1041000.0,UFA
Brennan Ward,IDL,CLE,33,25260000.0,UFA
Cam Evans,IDL,PHI,31,1088000.0,UFA
Tylan Turner,IDL,CHI,25,2068000.0,UFA
Tyler Hill,IDL,BAL,23,9055000.0,UFA
Kelce Green,IDL,CLE,25,2629000.0,UFA
Garrett Harris,IDL,CLE,28,1083000.0,UFA
Elijah Brooks,IDL,ARI,27,1030000.0,UFA
Antoine Baker,IDL,WAS,23,14070000.0,UFA
Caleb Sanders,IDL,MIN,32,1023000.0,UFA
Kayvon Young,IDL,LAC,28,1130000.0,UFA
Khristian Phillips,IDL,CLE,23,3518000.0,ERFA
Travis White,IDL,DEN,31,20894000.0,UFA
Jaxson Campbell,IDL,DEN,32,17331000.0,UFA
Kyler Phillips,IDL,ARI,23,1810000.0,UFA
Brennan Turner,IDL,BAL,23,1006000.0,UFA
Hunter Cooper,IDL,PHI,30,23494000.0,UFA
Antoine Jones,IDL,NYG,28,4244000.0,UFA
Quinton Jackson,IDL,NYG,30,1729000.0,UFA
Caleb Hall,IDL,ARI,28,5354000.0,UFA
Kelce Reed,IDL,BAL,33,1053000.0,UFA
Kyler Campbell,IDL,LAR,24,3721000.0,UFA
Tylan Morris,IDL,DAL,23,19818000.0,UFA
Tre Bell,IDL,CIN,28,12849000.0,UFA
Mike Cooper,IDL,CAR,27,23156000.0,UFA
Drake Edwards,IDL,KC,28,17180000.0,UFA
Elijah Brown,IDL,NE,33,1673000.0,UFA
Stetson Edwards,IDL,NYG,26,13698000.0,UFA
Mike Anderson,IDL,IND,23,18142000.0,UFA
Khalil Phillips,IDL,PHI,32,11938000.0,UFA
Mike Green,IDL,MIA,27,9999000.0,UFA
Elijah Jones,IDL,HOU,32,20465000.0,UFA
Tre Cox,IDL,CAR,30,1647000.0,UFA
Travis Stewart,IDL,ATL,25,6597000.0,UFA
Tyler Mitchell,IDL,SF,26,18395000.0,UFA
Brennan Murphy,IDL,CIN,26,1266000.0,RFA
Brandon Reed,IDL,BUF,24,1006000.0,UFA
Tylan Adams,IDL,DAL,23,1119000.0,UFA
Aiden Bell,IDL,MIN,23,1175000.0,UFA
Jalen Murphy,IDL,WAS,29,6135000.0,UFA
Anthony Brown,IDL,PIT,23,1010000.0,UFA
Ronald Reed,IDL,PHI,27,21526000.0,UFA
Jalen Hall,IDL,MIN,23,2500000.0,UFA
Elijah Jackson,IDL,CHI,23,1066000.0,UFA
Drake Roberts,IDL,NO,31,8282000.0,UFA
Mike Bailey,IDL,NE,26,10583000.0,UFA
Stetson Richardson,IDL,BAL,33,1585000.0,UFA
Kelce Sanders,IDL,LAR,28,4148000.0,UFA
Brandon King,IDL,ARI,31,3321000.0,UFA
Drake Thomas,IDL,JAX,29,11240000.0,ERFA
Brandon Martinez,IDL,BUF,31,3753000.0,UFA
Anthony King,IDL,NYG,25,19027000.0,UFA
Chris Collins,IDL,ATL,28,12201000.0,UFA
Ronald Lewis,IDL,NO,29,3085000.0,UFA
Jalen Robinson,IDL,ARI,24,13575000.0,UFA
Kayvon Baker,IDL,BUF,26,5004000.0,UFA
Maxx Bailey,IDL,JAX,23,1303000.0,UFA
Tre Young,IDL,JAX,28,1153000.0,UFA
Hunter Wright,IDL,MIA,30,1187000.0,UFA
Chris Turner,IDL,LAR,25,14395000.0,UFA
Elijah Williams,IDL,WAS,26,1073000.0,UFA
Brock Phillips,IDL,IND,32,1002000.0,UFA
Dre White,LB,SEA,24,20671000.0,UFA
Jalen Brooks,LB,CLE,24,19403000.0,RFA
Brennan Diaz,LB,NO,23,9010000.0,UFA
Khalil Davis,LB,PIT,27,5847000.0,UFA
Khalil Adams,LB,BAL,31,1193000.0,UFA
Aiden Smith,LB,DAL,30,4801000.0,UFA
Cam Cox,LB,ATL,22,20416000.0,UFA
Justin Martinez,LB,WAS,24,3551000.0,RFA
Marquis Cooper,LB,DEN,32,8572000.0,UFA
Justin Collins,LB,NO,29,18390000.0,ERFA
Quinton Walker,LB,CAR,26,7493000.0,RFA
Kyler Jones,LB,BAL,25,3301000.0,UFA
Damarion Hill,LB,LAR,22,1552000.0,RFA
Kelce Stewart,LB,LV,30,1580000.0,UFA
Kyler Mitchell,LB,SEA,27,3784000.0,UFA
Mike Campbell,LB,NYJ,28,10941000.0,UFA
Easton Williams,LB,KC,31,3191000.0,UFA
Garrett Cox,LB,NYJ,25,11830000.0,UFA
Trey Cook,LB,BAL,22,2116000.0,UFA
Kayvon Murphy,LB,SF,30,6500000.0,UFA
Tylan Williams,LB,TEN,32,13046000.0,UFA
Khristian Stewart,LB,NYJ,25,11806000.0,UFA
Devon Mitchell,LB,LAR,31,6281000.0,UFA
Devon Bell,LB,JAX,31,9501000.0,UFA
Stetson Cox,LB,NO,30,4686000.0,UFA
Mike Jones,LB,NYG,30,1125000.0,UFA
Drake Young,LB,GB,24,11676000.0,UFA
Easton Murphy,LB,BAL,27,1914000.0,UFA
Tre Martinez,LB,PIT,24,7465000.0,UFA
Drake Baker,LB,MIA,29,6349000.0,UFA
Rashad Phillips,LB,CLE,29,5668000.0,UFA
Anthony Richardson,LB,DEN,22,6827000.0,UFA
Antoine Bailey,LB,KC,31,1836000.0,UFA
Maxx King,LB,ATL,30,1118000.0,UFA
Tyler Rogers,LB,GB,26,7934000.0,UFA
Isaiah King,LB,KC,26,12194000.0,ERFA
Trey Harris,LB,DAL,28,18456000.0,UFA
Dre Campbell,LB,NYG,22,7761000.0,UFA
Jordan Roberts,LB,LAC,27,1204000.0,UFA
Brandon Cook,LB,HOU,31,1847000.0,UFA
Trey Richardson,LB,SF,28,2009000.0,UFA
Kelce Evans,LB,SEA,28,20677000.0,UFA
Khalil Parker,LB,DAL,30,9061000.0,VOID
Damon Mitchell,LB,BAL,32,1398000.0,UFA
Maxx Wood,LB,TB,23,1009000.0,UFA
Cam Parker,LB,CHI,25,4207000.0,RFA
Kayvon Harris,LB,NE,29,13481000.0,UFA
Jordan Rogers,LB,DAL,28,11469000.0,UFA
Mike Hall,LB,NE,25,3440000.0,RFA
Jamel Wright,LB,LAC,23,1486000.0,UFA
Devontae Sanders,LB,PHI,30,14568000.0,UFA
Devontae Green,LB,KC,28,10871000.0,UFA
Travis Green,LB,HOU,24,1002000.0,UFA
Jaxson Parker,LB,DEN,27,16880000.0,UFA
Kelce Ward,LB,BUF,27,1000000.0,RFA
Marcus Wright,LB,JAX,29,1387000.0,UFA
Khristian Cook,LB,TB,28,17122000.0,UFA
Quinton Brown,LB,GB,28,13257000.0,UFA
Brandon Jones,LB,WAS,24,1000000.0,UFA
Kayvon Diaz,LB,LV,25,3694000.0,UFA
Quinton Collins,LB,CIN,29,1011000.0,UFA
Tyler Carter,LB,JAX,32,12169000.0,UFA
Dre Cooper,LB,SEA,24,13723000.0,UFA
Brandon Smith,LB,DET,29,1396000.0,UFA
Khristian Brooks,LB,MIN,30,7970000.0,UFA
Travis Hall,LB,IND,24,17720000.0,UFA
Marquis Mitchell,LB,BAL,27,1904000.0,UFA
Jamel Howard,LB,CHI,25,2719000.0,UFA
Tre Adams,LB,PHI,23,1001000.0,UFA
Jaxson Lewis,LB,CAR,26,3039000.0,RFA
Jamel Richardson,LB,CHI,25,1037000.0,UFA
Marquis Rogers,LB,MIA,22,4502000.0,UFA
Damon Thomas,LB,MIA,22,1072000.0,UFA
Stetson Young,LB,NE,27,1081000.0,UFA
Devontae Brooks,LB,CAR,30,2609000.0,UFA
Justin Watson,CB,DET,31,2110000.0,VOID
Marcus Edwards,CB,CIN,28,6456000.0,UFA
Jaxson Cox,CB,DET,27,1075000.0,UFA
Hunter Turner,CB,MIA,24,1300000.0,UFA
Demarco Martinez,CB,DEN,29,1335000.0,UFA
Isaiah Evans,CB,KC,24,4608000.0,RFA
Damon Scott,CB,PHI,30,1135000.0,VOID
Jamel Edwards,CB,KC,23,1000000.0,UFA
Chris Thomas,CB,LAC,22,2413000.0,UFA
Justin Scott,CB,CLE,23,6931000.0,UFA
Demarco Reed,CB,BUF,25,1005000.0,UFA
Cam Smith,CB,IND,31,10646000.0,UFA
Devontae Adams,CB,CHI,29,5107000.0,UFA
Isaiah Carter,CB,PIT,22,1009000.0,UFA
Brennan Cooper,CB,DET,24,11672000.0,UFA
Quinton Harris,CB,JAX,32,1640000.0,UFA
Stetson Smith,CB,WAS,30,10904000.0,UFA
Brock Bell,CB,CAR,25,14916000.0,RFA
Drake Watson,CB,PIT,23,6569000.0,UFA
Khristian Jackson,CB,WAS,32,10615000.0,UFA
Travis Howard,CB,MIA,22,9575000.0,UFA
Kayvon Rogers,CB,DET,28,2044000.0,UFA
Brennan Green,CB,CLE,23,20856000.0,UFA
Marquis Young,CB,HOU,31,2807000.0,UFA
Ronald Morris,CB,BUF,28,6923000.0,UFA
Easton Cooper,CB,NE,28,2232000.0,ERFA
Brock Roberts,CB,MIA,22,1469000.0,UFA
Justin Brooks,CB,TEN,28,2277000.0,UFA
Mike Adams,CB,IND,23,1791000.0,UFA
Rashad Adams,CB,CHI,26,1103000.0,UFA
Jamel Brooks,CB,KC,23,1164000.0,UFA
Maxx White,CB,NYJ,26,1650000.0,UFA
Caleb Cook,CB,PHI,26,3389000.0,UFA
Brennan Watson,CB,HOU,24,2089000.0,RFA
Anthony Robinson,CB,KC,29,4545000.0,UFA
Caleb Cooper,CB,CIN,30,9198000.0,UFA
Brandon Richardson,CB,LAC,32,2329000.0,UFA
Elijah Phillips,CB,LAR,26,1850000.0,UFA
Maxx Collins,CB,BUF,32,3365000.0,UFA
Jalen Brown,CB,CLE,30,1971000.0,UFA
Brennan Thomas,CB,TB,22,19558000.0,UFA
Aiden Wright,CB,DEN,25,5012000.0,UFA
Anthony Diaz,CB,LAR,32,10236000.0,UFA
Jamel Johnson,CB,PIT,30,21498000.0,UFA
Kayvon Bell,CB,NYJ,29,20501000.0,UFA
Kyler Hall,CB,DET,31,3330000.0,VOID
Jamel Baker,CB,DAL,25,3648000.0,UFA
Chris Green,CB,DET,32,1529000.0,VOID
Devontae Campbell,CB,NYG,24,1343000.0,UFA
Cam Cooper,CB,LAC,27,2117000.0,UFA
Justin Lewis,CB,SF,30,13454000.0,UFA
Isaiah Smith,CB,DEN,26,10030000.0,UFA
Damarion Bailey,CB,PIT,23,1355000.0,UFA
Justin King,CB,SF,22,1001000.0,UFA
Caleb Reed,CB,NYG,26,21656000.0,UFA
Damarion Robinson,CB,PIT,23,18443000.0,UFA
Easton Diaz,CB,CLE,28,2121000.0,UFA
Elijah Mitchell,CB,PHI,29,12021000.0,UFA
Anthony Ward,CB,DEN,30,9237000.0,UFA
Rashad Anderson,CB,IND,27,7462000.0,UFA
Devon Edwards,CB,ARI,31,7044000.0,UFA
Tylan Cox,CB,LAR,32,11284000.0,UFA
Mike Walker,CB,KC,30,1028000.0,UFA
Marcus Diaz,CB,NYJ,26,1033000.0,UFA
Maxx Cook,CB,LAR,23,10593000.0,UFA
Brock Lewis,CB,JAX,26,1011000.0,UFA
Trey Hill,CB,ATL,30,1005000.0,UFA
Isaiah Lewis,CB,ARI,29,5996000.0,UFA
Kyler Edwards,CB,BUF,29,5071000.0,UFA
Marcus Smith,CB,TB,23,3153000.0,UFA
Elijah Adams,CB,JAX,25,4374000.0,UFA
Rashad Brooks,CB,ATL,25,10856000.0,RFA
Tre Hill,CB,CAR,32,1348000.0,VOID
Justin Mitchell,CB,NYJ,30,19956000.0,UFA
Jaxson Brown,CB,NYG,30,1630000.0,UFA
Stetson Morris,CB,DAL,28,2758000.0,UFA
Garrett Evans,CB,HOU,27,5660000.0,UFA
Chris Scott,CB,HOU,23,9249000.0,UFA
Damon Wood,CB,LAC,25,4446000.0,UFA
Rashad Diaz,CB,ATL,31,8673000.0,VOID
Quinton Carter,CB,ARI,32,8757000.0,UFA
Caleb Bell,CB,DET,31,6072000.0,UFA
Anthony Howard,CB,NO,28,16647000.0,UFA
Cam Adams,CB,CIN,24,1866000.0,UFA
Elijah Watson,CB,MIN,29,16553000.0,UFA
Brennan Campbell,CB,IND,27,1267000.0,RFA
Damon Ward,CB,LAR,30,2553000.0,UFA
Maxx Jackson,CB,SEA,24,1039000.0,UFA
Maxx Johnson,CB,ARI,23,2881000.0,RFA
Tylan Stewart,CB,CAR,27,1687000.0,UFA
Easton Lewis,CB,ARI,25,1137000.0,UFA
Cam Robinson,CB,DAL,25,2591000.0,UFA
Dre Richardson,CB,CAR,31,8843000.0,VOID
Stetson Jackson,CB,PHI,32,7192000.0,UFA
Demarco Ward,CB,TEN,29,5427000.0,UFA
Maxx Jones,S,KC,25,1000000.0,UFA
Marquis Bell,S,BAL,25,1009000.0,UFA
Kelce Brown,S,PHI,25,15825000.0,UFA
Kayvon Smith,S,PIT,26,1001000.0,UFA
Cam Richardson,S,CIN,24,1036000.0,UFA
Garrett Edwards,S,MIN,23,3084000.0,UFA
Maxx Williams,S,CAR,22,3749000.0,UFA
Garrett Cook,S,CAR,33,1002000.0,UFA
Khalil Bailey,S,ARI,30,8017000.0,VOID
Brennan Brooks,S,TB,25,1022000.0,UFA
Quinton Bailey,S,SEA,23,4753000.0,ERFA
Demarco Robinson,S,CHI,27,1286000.0,UFA
Damon Williams,S,CHI,23,1001000.0,UFA
Antoine Campbell,S,TB,28,14967000.0,UFA
Quinton Richardson,S,CHI,22,11193000.0,UFA
Jalen Bailey,S,DAL,28,9854000.0,RFA
Garrett Scott,S,SF,26,6921000.0,UFA
Devontae Baker,S,ATL,27,1830000.0,UFA
Garrett Richardson,S,MIN,26,9942000.0,RFA
Elijah Walker,S,NO,27,1000000.0,UFA
Demarco Adams,S,CHI,30,1052000.0,VOID
Isaiah Roberts,S,NE,27,1003000.0,UFA
Kelce Jackson,S,IND,30,1002000.0,UFA
Demarco Carter,S,CHI,32,1126000.0,UFA
Aiden Ward,S,LAC,28,7175000.0,UFA
Anthony Cook,S,SF,31,6411000.0,UFA
Rashad Richardson,S,PHI,25,1580000.0,UFA
Trey Howard,S,IND,32,1240000.0,UFA
Hunter Diaz,S,DEN,32,1004000.0,VOID
Khalil Green,S,CAR,23,7564000.0,UFA
Devon Thomas,S,CLE,33,2881000.0,UFA
Kyler Wood,S,SF,24,13844000.0,UFA
Khalil Carter,S,GB,29,18391000.0,UFA
Kelce Adams,S,MIN,25,1000000.0,UFA
Quinton Brooks,S,NO,32,1547000.0,UFA
Damon Jones,S,CHI,24,9209000.0,UFA
Devontae Bailey,S,LAC,24,1001000.0,UFA
Tyler Campbell,S,LAC,32,1008000.0,UFA
Tyler Jones,S,LV,22,1267000.0,UFA
Caleb Hill,S,GB,24,1743000.0,UFA
Drake Hill,S,DET,30,5836000.0,UFA
Maxx Richardson,S,ATL,25,5504000.0,UFA
Maxx Hill,S,KC,32,13526000.0,UFA
Aiden Brown,S,CIN,32,1796000.0,UFA
Rashad Johnson,S,TEN,29,2805000.0,UFA
Ronald Turner,S,GB,25,2172000.0,RFA
Kyler Hill,S,SF,29,1185000.0,UFA
Brennan Walker,S,TEN,33,1133000.0,UFA
Maxx Martinez,S,BUF,28,3287000.0,UFA
Chris Edwards,S,MIN,25,1012000.0,UFA
Isaiah Robinson,S,IND,26,5830000.0,UFA
Justin Ward,S,TEN,29,1234000.0,UFA
Marcus Stewart,S,JAX,29,5866000.0,UFA
Maxx Brooks,S,MIN,33,1001000.0,UFA
Jaxson Murphy,S,GB,33,1156000.0,UFA
Trey Phillips,S,IND,22,1325000.0,UFA
Isaiah Rogers,S,HOU,23,1974000.0,UFA
Aiden Hill,S,TEN,25,1003000.0,UFA
Ronald Cooper,S,IND,31,14125000.0,UFA
Devontae Watson,S,TB,26,1155000.0,UFA
Elijah Carter,S,ATL,31,1773000.0,UFA
Aiden Thomas,S,LAC,31,2440000.0,UFA
Maxx Anderson,S,LAC,25,3849000.0,UFA
Jordan Thomas,S,DAL,30,1030000.0,UFA
Tyler Jackson,S,JAX,28,1059000.0,UFA
Dre Watson,S,PIT,26,13325000.0,UFA
Mike Diaz,S,LAR,33,2020000.0,VOID
Cam Johnson,S,LV,23,1339000.0,UFA
Brandon Carter,S,CAR,30,1793000.0,UFA
Brennan Rogers,S,CLE,29,1197000.0,UFA
Khristian Cooper,K,NYG,38,1749000.0,UFA
Tre Jones,K,LAC,33,1276000.0,UFA
Travis Murphy,K,KC,30,1241000.0,UFA
Kayvon Turner,K,IND,34,1170000.0,UFA
Elijah Cooper,K,GB,31,6239000.0,UFA
Marquis Roberts,K,CHI,27,1848000.0,UFA
Brandon Diaz,K,JAX,29,3243000.0,UFA
Quinton Wright,K,CLE,24,1695000.0,UFA
Garrett Carter,P,CAR,31,1532000.0,UFA
Caleb Baker,P,SEA,29,1011000.0,UFA
Jalen Cooper,P,DET,30,1124000.0,UFA
Rashad Sanders,P,IND,34,1035000.0,UFA
Devontae Murphy,P,LAC,26,2600000.0,UFA
Jaxson Wood,P,BAL,27,3119000.0,UFA
Jordan Cox,LS,LAR,28,1000000.0,RFA
Anthony Davis,LS,KC,28,1004000.0,UFA
Demarco Johnson,LS,ATL,29,1000000.0,ERFA
